#,restaurantName,region,district,neighborhood,address,phone,whatsapp,publicEmail,emailTrust,website,instagram,googleMapsUrl,googleRating,googleReviewCount,websiteStatus,websiteScore,leadScore,priority,problem1,problem2,problem3,websiteAnalysis,opportunities,salkayPitch,source,dateChecked,contactStatus,outreachNotes,importMode,recordSafety
45,Sele Restaurant,ANADOLU,Ümraniye,Yamanevler,"Yamanevler, Dr. Fazıl Küçük Cd. No:8/1-BD, 34768 Ümraniye/İstanbul",+90 530 527 06 79,,info@selerestaurant.com,OFFICIAL_VERIFIED,https://selerestaurant.com.tr,,https://www.google.com/maps/search/?api=1&query=Sele+Restaurant+%C3%9Cmraniye+Istanbul,,,GOOD,7.2,4.2,QUALIFIED_OUT,Mevcut site yeterli seviyede; ilk redesign hedefi değil.,,,Mevcut site yeterli seviyede; ilk redesign hedefi değil.,Local SEO ve dönüşüm optimizasyonu ancak ikincil fırsat.,İlk outreach grubuna alma.,Prior final research; official website and/or current public business records where noted,2026-09-07,NOT_CONTACTED,Official email/site verified in prior final research.,DRY_RUN_ONLY,FINAL_RESEARCH_SAFE
46,KAF Cafe Restoran / KAF Kısıklı,ANADOLU,Üsküdar,Burhaniye,"Burhaniye, Nurbaba Sokağı No:27, 34676 Üsküdar/İstanbul",+90 216 401 27 27,,info@kafkisikli.com,OFFICIAL_VERIFIED,https://kafkisikli.com,,https://www.google.com/maps/search/?api=1&query=KAF+Cafe+Restoran+%2F+KAF+K%C4%B1s%C4%B1kl%C4%B1+%C3%9Csk%C3%BCdar+Istanbul,4.0,1710,GOOD,7.0,4.0,QUALIFIED_OUT,Mevcut site yeterli; ana fırsat tam redesign değil.,,,Mevcut site yeterli; ana fırsat tam redesign değil.,Local SEO/CTA iyileştirmeleri.,İlk outreach grubuna alma.,Prior final research; official website and/or current public business records where noted,2026-09-07,NOT_CONTACTED,Official-site alternative phone: +90 505 120 86 53.,DRY_RUN_ONLY,FINAL_RESEARCH_SAFE
47,Cremia Cafe & Rest,ANADOLU,Üsküdar,Mimar Sinan,"Mimar Sinan Mah., Uncular Cd. No:26/A, 34674 Üsküdar/İstanbul",+90 535 885 36 38,,info@cremiacafe.com,OFFICIAL_VERIFIED,https://cremiacafe.com,,https://www.google.com/maps/search/?api=1&query=Cremia+Cafe+%26+Rest+%C3%9Csk%C3%BCdar+Istanbul,3.8,289,WEAK,3.4,8.8,HIGH,Canlı sitede demo/template sayfaları ve Lorem ipsum içerikleri bulunuyor.,İletişim/footer e-posta bilgileri kendi içinde tutarsız.,,Canlı sitede demo/template sayfaları ve Lorem ipsum içerikleri bulunuyor.,Tam temizlik + premium redesign + Üsküdar local SEO + rezervasyon/WhatsApp dönüşümü.,Canlı sitedeki hazır şablon kalıntılarını somut örnek olarak göster.,Prior final research; official website and/or current public business records where noted,2026-09-07,NOT_CONTACTED,Primary current phone from business record. Official-site phone: +90 537 724 59 04. Footer conflict: info@cremia.com; use info@cremiacafe.com.,DRY_RUN_ONLY,FINAL_RESEARCH_SAFE
48,Kadıköy Sofrası,ANADOLU,Kadıköy,Osmanağa,"Osmanağa Mah., Gazi Osman Paşa Sk. No:2, 34714 Kadıköy/İstanbul",+90 216 336 73 51,,,NOT_FOUND,,,https://www.google.com/maps/search/?api=1&query=Kad%C4%B1k%C3%B6y+Sofras%C4%B1+Kad%C4%B1k%C3%B6y+Istanbul,4.8,296,NO_WEBSITE,,9.2,HIGH,Bağımsız resmî web sitesi doğrulanmadı.,,,Bağımsız resmî web sitesi doğrulanmadı.,Yeni marka sitesi + menü + Kadıköy local SEO + telefon/WhatsApp dönüşümü.,Yüksek puanlı işletmenin Google görünürlüğünü kendi domainine taşı.,Prior final research; official website and/or current public business records where noted,2026-09-07,NOT_CONTACTED,Alternative third-party phone: +90 535 866 11 26.,DRY_RUN_ONLY,FINAL_RESEARCH_SAFE
49,Nazenin Restaurant / Nazenin Et & Kebap,ANADOLU,Ataşehir,Küçükbakkalköy,"Küçükbakkalköy Mah., Emel Sok. No:11, 34750 Ataşehir/İstanbul",+90 216 573 89 89,,info@nazeninrestaurant.com,OFFICIAL_VERIFIED,https://nazeninrestaurant.com,,https://www.google.com/maps/search/?api=1&query=Nazenin+Restaurant+%2F+Nazenin+Et+%26+Kebap+Ata%C5%9Fehir+Istanbul,3.8,463,IMPROVABLE,5.4,7.7,MEDIUM,Mevcut site geliştirilebilir; güçlü local SEO/landing-page fırsatı var.,,,Mevcut site geliştirilebilir; güçlü local SEO/landing-page fırsatı var.,Ataşehir et-kebap aramalarında içerik ve dönüşüm optimizasyonu.,Redesign yerine SEO + conversion paketi.,Prior final research; official website and/or current public business records where noted,2026-09-07,NOT_CONTACTED,Older third-party records may associate the address with a previous business; current official domain used.,DRY_RUN_ONLY,FINAL_RESEARCH_SAFE
50,Madalyalı Restoran,ANADOLU,Ataşehir,Ferhatpaşa,"Ferhatpaşa Mah., Ferhatpaşa Yolu Sk. No:133, 34779 Ataşehir/İstanbul",+90 216 471 04 82,,info@madalyali.com.tr,OFFICIAL_VERIFIED,https://madalyali.com.tr,,https://www.google.com/maps/search/?api=1&query=Madalyal%C4%B1+Restoran+Ata%C5%9Fehir+Istanbul,4.2,3126,IMPROVABLE,5.6,8.3,HIGH,Kurumsal içerikte kuruluş yılı çelişkisi bulunuyor.,Tekrarlayan içerik blokları güven/UX kalitesini düşürüyor.,,Kurumsal içerikte kuruluş yılı çelişkisi bulunuyor.,İçerik standardizasyonu + local SEO + dönüşüm odaklı yeniden yapı.,"Siteyi sıfırdan değil, güven ve SEO odaklı modernize et.",Prior final research; official website and/or current public business records where noted,2026-09-07,NOT_CONTACTED,Reservation/WhatsApp: +90 531 884 15 02.,DRY_RUN_ONLY,FINAL_RESEARCH_SAFE
51,Afraze Cafe & Restaurant,ANADOLU,Ümraniye,Çamlık,"Çamlık Mah., İkbal Cd. No:103 D:1, 34774 Ümraniye/İstanbul",+90 216 426 12 12,,info@afrazecafe.com,OFFICIAL_VERIFIED,https://afrazecafe.com,,https://www.google.com/maps/search/?api=1&query=Afraze+Cafe+%26+Restaurant+%C3%9Cmraniye+Istanbul,4.2,697,VERY_WEAK,3.0,9.0,HIGH,Site eski/generic içerik ve hazır tema hissi veriyor.,Eski blog/içerik yapısı güncellik sinyalini zayıflatıyor.,,Site eski/generic içerik ve hazır tema hissi veriyor.,Tam redesign + menü + rezervasyon + Ümraniye local SEO.,Güçlü işletme profilini daha güven veren markalı siteye taşı.,Prior final research; official website and/or current public business records where noted,2026-09-07,NOT_CONTACTED,Other/older phone: +90 216 505 12 15. Extra official email: etkinlik@afrazecafe.com.,DRY_RUN_ONLY,FINAL_RESEARCH_SAFE
52,Hane Kadıköy,ANADOLU,Kadıköy,Osmanağa,"Osmanağa Mah., Mimar Çıkmazı Sok. No:7, 34714 Kadıköy/İstanbul",+90 552 388 03 00,,,THIRD_PARTY_VERIFIED,https://hanekadikoy.com,,https://www.google.com/maps/search/?api=1&query=Hane+Kad%C4%B1k%C3%B6y+Kad%C4%B1k%C3%B6y+Istanbul,4.7,3005,WEAK,4.0,8.7,HIGH,Site içerik olarak çok sınırlı ve local SEO kapsamı zayıf.,,,Site içerik olarak çok sınırlı ve local SEO kapsamı zayıf.,Kadıköy landing pages + menü + rezervasyon + içerik SEO.,Yüksek yorum hacmini organik arama ve rezervasyona dönüştür.,Prior final research; official website and/or current public business records where noted,2026-09-07,NOT_CONTACTED,Third-party email: hanekadikoy@gmail.com; do not auto-email. Other phone: +90 216 550 00 02.,DRY_RUN_ONLY,FINAL_RESEARCH_SAFE
53,Köz Kanat Ataşehir,ANADOLU,Ataşehir,Küçükbakkalköy,"Küçükbakkalköy Mah., Emel Sokağı No:5, 34750 Ataşehir/İstanbul",+90 216 577 75 44,,info@kozkanat.com,OFFICIAL_VERIFIED,https://kozkanat.com,,https://www.google.com/maps/search/?api=1&query=K%C3%B6z+Kanat+Ata%C5%9Fehir+Ata%C5%9Fehir+Istanbul,4.1,3986,IMPROVABLE,5.2,8.4,HIGH,Official site ile güncel işletme kaydı arasında adres/NAP uyumsuzluğu var.,,,Official site ile güncel işletme kaydı arasında adres/NAP uyumsuzluğu var.,NAP temizliği + local SEO + şube/menü sayfaları + conversion.,Google ve site bilgilerinin çelişmesini somut SEO problemi olarak göster.,Prior final research; official website and/or current public business records where noted,2026-09-07,NOT_CONTACTED,General phone: 0850 304 8 444. Official website previously showed older/different address.,DRY_RUN_ONLY,FINAL_RESEARCH_SAFE
54,Katibim Cafe & Restaurant,ANADOLU,Üsküdar,Mimar Sinan,"Mimar Sinan Mah., Şemsi Paşa, Harem Sahil Yolu Cd. No:53, 34672 Üsküdar/İstanbul",+90 216 310 90 80,,info@katibim.com.tr,OFFICIAL_VERIFIED,https://katibim.com.tr,,https://www.google.com/maps/search/?api=1&query=Katibim+Cafe+%26+Restaurant+%C3%9Csk%C3%BCdar+Istanbul,4.0,10458,WEAK,4.2,8.8,HIGH,Site metinlerinde çok sayıda yazım/profesyonellik problemi var.,İletişim sayfasında e-posta domaini kendi içinde tutarsız.,,Site metinlerinde çok sayıda yazım/profesyonellik problemi var.,İçerik temizliği + premium UX + Üsküdar local SEO + rezervasyon CTA.,10K+ yorumlu marka için web güven seviyesini yükselt.,Prior final research; official website and/or current public business records where noted,2026-09-07,NOT_CONTACTED,Mobile: +90 542 528 42 46. Use .com.tr email; site also showed info@katibim.com inconsistently.,DRY_RUN_ONLY,FINAL_RESEARCH_SAFE
55,Sapa İstanbul,ANADOLU,Ataşehir,Küçükbakkalköy,"Küçükbakkalköy Mah., Rüya Sk. No:12/18A, 34750 Ataşehir/İstanbul",+90 216 629 72 72,,info@sapaistanbul.com,OFFICIAL_VERIFIED,https://sapaistanbul.com,,https://www.google.com/maps/search/?api=1&query=Sapa+%C4%B0stanbul+Ata%C5%9Fehir+Istanbul,4.6,772,GOOD,7.8,4.0,QUALIFIED_OUT,Site güçlü; ilk redesign hedefi değil.,,,Site güçlü; ilk redesign hedefi değil.,İleri seviye SEO/ads optimizasyonu ikincil fırsat.,İlk outreach grubuna alma.,Prior final research; official website and/or current public business records where noted,2026-09-07,NOT_CONTACTED,Official hours researched previously; multilingual/menu/reservation/blog present.,DRY_RUN_ONLY,FINAL_RESEARCH_SAFE
56,Cunda Balık Restaurant,ANADOLU,Kadıköy,Bostancı,"Bostancı Mah., Köy Yolu Sk. No:6, 34744 Kadıköy/İstanbul",+90 216 380 59 89,,,NOT_VERIFIED,https://cundabalik.com.tr,,https://www.google.com/maps/search/?api=1&query=Cunda+Bal%C4%B1k+Restaurant+Kad%C4%B1k%C3%B6y+Istanbul,4.5,2388,WEAK,4.0,8.6,HIGH,Site eski görünüyor ve içerik/profesyonellik hataları var.,,,Site eski görünüyor ve içerik/profesyonellik hataları var.,Modernizasyon + Bostancı balık SEO + menü/rezervasyon CTA.,Aktif ve yüksek yorumlu işletmede eski siteyi somut satış açısı yap.,Prior final research; official website and/or current public business records where noted,2026-09-07,NOT_CONTACTED,Do NOT use info@cundabalik.com: mismatched old third-party record.,DRY_RUN_ONLY,FINAL_RESEARCH_SAFE
57,Mutabık Et Restaurant,ANADOLU,Ataşehir,Küçükbakkalköy,"Küçükbakkalköy Mah., Flora Residence, Kayışdağı Cd. No:3/1 E, 34750 Ataşehir/İstanbul",+90 216 314 15 15,,info@mutabik.com.tr,OFFICIAL_VERIFIED,https://mutabik.com.tr,,https://www.google.com/maps/search/?api=1&query=Mutab%C4%B1k+Et+Restaurant+Ata%C5%9Fehir+Istanbul,4.3,367,WEAK,4.3,8.6,HIGH,Site eski/tekrarlayan içerik ve tipografi/yazım sorunları içeriyor.,,,Site eski/tekrarlayan içerik ve tipografi/yazım sorunları içeriyor.,Premium redesign + et restoranı local SEO + rezervasyon.,Markanın fiziksel kalitesini daha premium dijital deneyime taşı.,Prior final research; official website and/or current public business records where noted,2026-09-07,NOT_CONTACTED,Third-party also lists mutabikrestaurant@gmail.com; official-domain email preferred.,DRY_RUN_ONLY,FINAL_RESEARCH_SAFE
58,Beylerbeyi Yakamoz Restaurant,ANADOLU,Üsküdar,Beylerbeyi,"Beylerbeyi Mah., Beylerbeyi Çamlıca Cd. No:16, Üsküdar/İstanbul",+90 216 321 46 39,,,NOT_VERIFIED,https://beylerbeyiyakamoz.com,,https://www.google.com/maps/search/?api=1&query=Beylerbeyi+Yakamoz+Restaurant+%C3%9Csk%C3%BCdar+Istanbul,,,VERY_WEAK,3.0,9.1,HIGH,Eski WordPress/blog içerikleri ve yönetici/demo izleri var.,Menüde boş/₺0 gibi güven zedeleyici değerler görüldü.,,Eski WordPress/blog içerikleri ve yönetici/demo izleri var.,Tam redesign + Beylerbeyi balık SEO + menü + rezervasyon.,Canlı sitedeki eski/demo içerikleri satışta somut örnek yap.,Prior final research; official website and/or current public business records where noted,2026-09-07,NOT_CONTACTED,Third-party email info@beylerbeyiyakamoz.com conflicts with site's malformed email; do not auto-email. Current rating not trusted due stale structured record.,DRY_RUN_ONLY,FINAL_RESEARCH_SAFE
59,Marmara Balık Lokantası,ANADOLU,Üsküdar,Ünalan,"Ünalan Mah., Çağla Sok. No:25, 34700 Üsküdar/İstanbul",+90 216 317 19 19,,,NOT_FOUND,,,https://www.google.com/maps/search/?api=1&query=Marmara+Bal%C4%B1k+Lokantas%C4%B1+%C3%9Csk%C3%BCdar+Istanbul,4.7,605,NO_WEBSITE,,9.4,HIGH,Bağımsız resmî web sitesi bulunmadı.,,,Bağımsız resmî web sitesi bulunmadı.,Yeni site + menü + Ünalan/Üsküdar local SEO + rezervasyon/telefon dönüşümü.,Yüksek puanlı işletmeye kendi domaini üzerinden görünürlük kazandır.,Prior final research; official website and/or current public business records where noted,2026-09-07,NOT_CONTACTED,Do not confuse with similarly named Marmara Balık at another address.,DRY_RUN_ONLY,FINAL_RESEARCH_SAFE
60,Hatay Gurme,ANADOLU,Ataşehir,Küçükbakkalköy,"Küçükbakkalköy Mah., Kayışdağı Cad., Metal İş Merkezi No:37/A-B, 34750 Ataşehir/İstanbul",+90 216 572 00 31,,info@hataygurme.com.tr,OFFICIAL_VERIFIED,https://hataygurme.com.tr,,https://www.google.com/maps/search/?api=1&query=Hatay+Gurme+Ata%C5%9Fehir+Istanbul,4.3,3962,IMPROVABLE,6.3,6.8,MEDIUM,Site güncel ve işlevsel; fırsat daha çok SEO/conversion tarafında.,,,Site güncel ve işlevsel; fırsat daha çok SEO/conversion tarafında.,Local SEO + içerik + landing page/ads dönüşümü.,"Tam redesign değil, ölçülebilir SEO ve dönüşüm iyileştirmesi.",Prior final research; official website and/or current public business records where noted,2026-09-07,NOT_CONTACTED,2026 legal/contact pages verified previously.,DRY_RUN_ONLY,FINAL_RESEARCH_SAFE
61,Ayazbey Gurme Kasap & Izgara,ANADOLU,Üsküdar,Küçük Çamlıca,"Küçükçamlıca Mah., Üçpınarlar Cd., Atalay Sk. No:1-3A, 34696 Üsküdar/İstanbul",+90 216 545 46 36,,info@ayazbeygurme.com,OFFICIAL_VERIFIED,https://ayazbeygurme.com,,https://www.google.com/maps/search/?api=1&query=Ayazbey+Gurme+Kasap+%26+Izgara+%C3%9Csk%C3%BCdar+Istanbul,3.8,37,WEAK,4.1,8.7,HIGH,Menü metinlerinde çok sayıda yazım/adlandırma problemi var.,Site ile işletme saatleri arasında uyumsuzluk görüldü.,,Menü metinlerinde çok sayıda yazım/adlandırma problemi var.,İçerik temizliği + local SEO + menü UX + dönüşüm.,Küçük ama net teknik/içerik hatalarıyla hızlı iyileştirme teklifi.,Prior final research; official website and/or current public business records where noted,2026-09-07,NOT_CONTACTED,Hours mismatch noted in final research.,DRY_RUN_ONLY,FINAL_RESEARCH_SAFE
62,Rıhtım Restaurant,ANADOLU,Üsküdar,Beylerbeyi,"Beylerbeyi Mah., Çamlıca Caddesi No:4, 34676 Üsküdar/İstanbul",+90 216 318 61 04,,info@rihtimrestaurant.com,OFFICIAL_VERIFIED,https://rihtimrestaurant.com,,https://www.google.com/maps/search/?api=1&query=R%C4%B1ht%C4%B1m+Restaurant+%C3%9Csk%C3%BCdar+Istanbul,4.7,374,VERY_WEAK,3.2,9.0,HIGH,Site eski içerik ve 2017 döneminden kalan menü izleri taşıyor.,Password-protected/eskimiş içerik ve güncel olmayan footer yapısı var.,,Site eski içerik ve 2017 döneminden kalan menü izleri taşıyor.,Tam redesign + Beylerbeyi local SEO + güncel HTML menü + rezervasyon.,Eski site yapısını somut şekilde gösterip modernizasyon öner.,Prior final research; official website and/or current public business records where noted,2026-09-07,NOT_CONTACTED,Hours mismatch between business record and official site.,DRY_RUN_ONLY,FINAL_RESEARCH_SAFE
63,Chacha Balık Restaurant,ANADOLU,Üsküdar,Çengelköy,"Çengelköy Mah., Kuleli Cd. No:47, 34684 Üsküdar/İstanbul",+90 541 575 75 75,,info@chachabalik.com.tr,OFFICIAL_VERIFIED,https://chachabalik.com.tr,,https://www.google.com/maps/search/?api=1&query=Chacha+Bal%C4%B1k+Restaurant+%C3%9Csk%C3%BCdar+Istanbul,4.2,1152,VERY_WEAK,2.5,9.4,HIGH,WordPress default/demo sayfaları canlıda duruyor.,"Lorem ipsum, yabancı demo içerikleri ve alakasız marka metinleri mevcut.",Menü/kurumsal yapı güven zedeleyici şekilde karışık.,WordPress default/demo sayfaları canlıda duruyor.,Acil tam temizlik + premium redesign + Çengelköy balık SEO + rezervasyon.,En güçlü redesign leadlerinden; canlı demo kalıntılarını doğrudan göster.,Prior final research; official website and/or current public business records where noted,2026-09-07,NOT_CONTACTED,Fixed phone: +90 216 321 03 62.,DRY_RUN_ONLY,FINAL_RESEARCH_SAFE
64,Zekibey İskender,ANADOLU,Üsküdar,Mimar Sinan,"Mimar Sinan Mah., Tavukçu Bakkal Sk. No:1, 34200 Üsküdar/İstanbul",+90 216 310 48 21,,info@zekibeyiskender.com.tr,OFFICIAL_VERIFIED,https://zekibeyiskender.com.tr,,https://www.google.com/maps/search/?api=1&query=Zekibey+%C4%B0skender+%C3%9Csk%C3%BCdar+Istanbul,3.9,2105,IMPROVABLE,5.2,8.2,HIGH,İçerik yapısı temel; local SEO ve menü sunumu geliştirilebilir.,Üçüncü taraf kaynaklarda adres numarası tutarsız.,,İçerik yapısı temel; local SEO ve menü sunumu geliştirilebilir.,NAP standardizasyonu + menü SEO + yerel landing pages.,Tam sıfırlama yerine görünürlük ve dönüşüm geliştirmesi.,Prior final research; official website and/or current public business records where noted,2026-09-07,NOT_CONTACTED,Official site + current business record use No:1; older sources show No:3/No:5.,DRY_RUN_ONLY,FINAL_RESEARCH_SAFE
65,Mavera Cafe Restaurant,ANADOLU,Üsküdar,Kısıklı,"Kısıklı Mah., Kısıklı Büyük Çamlıca Cd. No:50, 34692 Üsküdar/İstanbul",+90 216 318 31 61,,info@maverarestaurant.com,OFFICIAL_VERIFIED,https://maverarestaurant.com,,https://www.google.com/maps/search/?api=1&query=Mavera+Cafe+Restaurant+%C3%9Csk%C3%BCdar+Istanbul,4.1,56,WEAK,4.4,8.7,HIGH,Ana sayfada 0 K / 0 / 0+ gibi bozuk istatistik blokları var.,Menü büyük ölçüde QR'a dayanıyor; SEO değeri düşük.,,Ana sayfada 0 K / 0 / 0+ gibi bozuk istatistik blokları var.,HTML menü + teknik temizlik + Kısıklı/Çamlıca local SEO.,Canlıdaki sıfır istatistikleri somut güven problemi olarak göster.,Prior final research; official website and/or current public business records where noted,2026-09-07,NOT_CONTACTED,Old historical email info@maverarestaurant.net; do not use.,DRY_RUN_ONLY,FINAL_RESEARCH_SAFE
66,Et Dünyası,ANADOLU,Üsküdar,Ahmediye,"Ahmediye Mah., Gündoğumu Cd. No:7, 34672 Üsküdar/İstanbul",+90 216 492 34 44,,,HISTORICAL,https://etdunyasi.net,,https://www.google.com/maps/search/?api=1&query=Et+D%C3%BCnyas%C4%B1+%C3%9Csk%C3%BCdar+Istanbul,4.5,422,VERY_WEAK,2.8,9.0,HIGH,Listelenen domainin güncel resmî site olarak güvenilirliği zayıf.,,,Listelenen domainin güncel resmî site olarak güvenilirliği zayıf.,Kendi güncel site + menü + Üsküdar local SEO.,Telefonla outreach; email önce yeniden doğrulansın.,Prior final research; official website and/or current public business records where noted,2026-09-07,NOT_CONTACTED,Historical/unverified email: iletisim@etdunyasi.net. Do not use info@et-dunyasi.de (Berlin business).,DRY_RUN_ONLY,FINAL_RESEARCH_SAFE
67,Kudüs Han,ANADOLU,Üsküdar,Mimar Sinan,"Mimar Sinan Mah., Selamiali Efendi Cd. No:43A, 34672 Üsküdar/İstanbul",+90 555 192 52 08,,,NOT_FOUND,,@khanalquds,https://www.google.com/maps/search/?api=1&query=Kud%C3%BCs+Han+%C3%9Csk%C3%BCdar+Istanbul,4.6,1026,NO_WEBSITE,,9.3,HIGH,Bağımsız site yok; Instagram + üçüncü taraf QR menü ağırlıklı.,,,Bağımsız site yok; Instagram + üçüncü taraf QR menü ağırlıklı.,Markalı çok dilli site + menü + Orta Doğu mutfağı local SEO.,Güçlü yorum hacmini kendi domain ve arama trafiğine taşı.,Prior final research; official website and/or current public business records where noted,2026-09-07,NOT_CONTACTED,Third-party digital menu exists; not an independent website.,DRY_RUN_ONLY,FINAL_RESEARCH_SAFE
68,Suppa Restaurant Üsküdar,ANADOLU,Üsküdar,Mimar Sinan,"Mimar Sinan Mah., Balaban Cd., Eski Keresteciler Sk. No:6, 34672 Üsküdar/İstanbul",+90 543 377 76 34,,,HISTORICAL,,,https://www.google.com/maps/search/?api=1&query=Suppa+Restaurant+%C3%9Csk%C3%BCdar+%C3%9Csk%C3%BCdar+Istanbul,3.6,712,NO_WEBSITE,,9.1,HIGH,Güncel bağımsız web sitesi doğrulanmadı; eski domain/adres bilgileri karışık.,,,Güncel bağımsız web sitesi doğrulanmadı; eski domain/adres bilgileri karışık.,Yeni site + NAP temizliği + Üsküdar local SEO + menü.,Önce telefonla doğrula; geçmiş domain karmaşasını temizleme paketi öner.,Prior final research; official website and/or current public business records where noted,2026-09-07,NOT_CONTACTED,Historical email rezarvasyon@suppa.com.tr and old suppa.com.tr tied to older/different address; do not auto-email.,DRY_RUN_ONLY,FINAL_RESEARCH_SAFE
69,Rastgele Restaurant,ANADOLU,Üsküdar,Aziz Mahmut Hüdayi,"Aziz Mahmut Hüdayi Mah., Doğancılar Cd. No:76/B, 34672 Üsküdar/İstanbul",+90 532 171 76 41,,,NOT_FOUND,,,https://www.google.com/maps/search/?api=1&query=Rastgele+Restaurant+%C3%9Csk%C3%BCdar+Istanbul,4.8,313,NO_WEBSITE,,9.4,HIGH,Bağımsız resmî website doğrulanmadı.,,,Bağımsız resmî website doğrulanmadı.,Yeni site + menü + Üsküdar local SEO + WhatsApp/telefon CTA.,4.8 puanı kendi domainine ve organik trafiğe dönüştür.,Prior final research; official website and/or current public business records where noted,2026-09-07,NOT_CONTACTED,Old directory phone: 0216 310 02 47. Do not confuse with another Rastgele Restaurant in Arnavutköy.,DRY_RUN_ONLY,FINAL_RESEARCH_SAFE
70,Hatice Anne Ev Yemekleri,ANADOLU,Üsküdar,Kuzguncuk,"Kuzguncuk Mah., Kuzguncuk Çarşı Cd. No:4 D:1, 34674 Üsküdar/İstanbul",+90 534 672 29 52,,,NOT_FOUND,,@haticeannevyemekleri,https://www.google.com/maps/search/?api=1&query=Hatice+Anne+Ev+Yemekleri+%C3%9Csk%C3%BCdar+Istanbul,4.8,781,NO_WEBSITE,,9.5,HIGH,Bağımsız site yok.,Eski kaynaklarda adres numarası farklı görünüyor.,,Bağımsız site yok.,Kuzguncuk ev yemekleri SEO + günlük menü + WhatsApp + harita/NAP standardizasyonu.,Çok güçlü ilk temas adayı; yüksek puan + no-site.,Prior final research; official website and/or current public business records where noted,2026-09-07,NOT_CONTACTED,Alternative older phone: 0216 553 77 35. Old address variants No:7/A and No:17/A.,DRY_RUN_ONLY,FINAL_RESEARCH_SAFE
71,Emicenin Yeri,ANADOLU,Üsküdar,Selami Ali,"Selami Ali Mah., Şehit Asteğmen Halil Ögel Sk. No:7A, 34664 Üsküdar/İstanbul",+90 216 492 81 81,,,NOT_FOUND,,@emiceninyeri,https://www.google.com/maps/search/?api=1&query=Emicenin+Yeri+%C3%9Csk%C3%BCdar+Istanbul,4.4,414,NO_WEBSITE,,9.3,HIGH,Bağımsız website yok.,,,Bağımsız website yok.,Yeni site + menü + Üsküdar local SEO + WhatsApp/arama dönüşümü.,Yerel marka ve yorum gücünü kendi domainine taşı.,Prior final research; official website and/or current public business records where noted,2026-09-07,NOT_CONTACTED,Older source showed No:72; current final address uses No:7A.,DRY_RUN_ONLY,FINAL_RESEARCH_SAFE
72,Adile Sultan Ev Yemekleri – Altunizade Restoranı (Ekspres),ANADOLU,Üsküdar,Barbaros,"Barbaros Mah., Nuh Kuyusu Cd. No:70/B, Üsküdar/İstanbul",+90 216 474 18 50,,info@adilesultanevyemekleri.com,OFFICIAL_VERIFIED,https://adilesultanevyemekleri.com,,https://www.google.com/maps/search/?api=1&query=Adile+Sultan+Ev+Yemekleri+%E2%80%93+Altunizade+Restoran%C4%B1+%28Ekspres%29+%C3%9Csk%C3%BCdar+Istanbul,4.6,417,GOOD,8.1,3.2,QUALIFIED_OUT,Site güçlü ve çok şubeli altyapı mevcut.,,,Site güçlü ve çok şubeli altyapı mevcut.,İleri seviye teknik SEO ancak ikincil fırsat.,İlk outreach dışında tut.,Prior final research; official website and/or current public business records where noted,2026-09-07,NOT_CONTACTED,Official branch order phone: +90 216 912 42 21. Official WhatsApp: +90 553 915 39 97. Generic order page contains placeholder-like contact values; still GOOD.,DRY_RUN_ONLY,FINAL_RESEARCH_SAFE
73,Öz Bolu Lokantası,ANADOLU,Üsküdar,Mimar Sinan,"Mimar Sinan Mah., Atlas Sk. No:11, 34672 Üsküdar/İstanbul",+90 216 532 73 31,,,NOT_FOUND,https://ozbolu-lokantasi.com,,https://www.google.com/maps/search/?api=1&query=%C3%96z+Bolu+Lokantas%C4%B1+%C3%9Csk%C3%BCdar+Istanbul,4.1,2688,VERY_WEAK,2.4,9.2,HIGH,Domain işletmeyle ilişkili görünüyor ancak güncel resmî site içeriği güvenilir biçimde doğrulanamadı.,,,Domain işletmeyle ilişkili görünüyor ancak güncel resmî site içeriği güvenilir biçimde doğrulanamadı.,Yeni/yenilenmiş site + menü + Üsküdar local SEO.,Telefon outreach; domain erişimini ve sahipliğini ilk görüşmede doğrula.,Prior final research; official website and/or current public business records where noted,2026-09-07,NOT_CONTACTED,Do not use yeni@nerdeyiyelim.com; platform email. Some sources show 11/A.,DRY_RUN_ONLY,FINAL_RESEARCH_SAFE
74,TAVACI Cafe & Restaurant,ANADOLU,Üsküdar,Cumhuriyet,"Cumhuriyet Mah., Coşkun Sk. No:30/A, 34699 Üsküdar/İstanbul",+90 216 520 08 46,,,NOT_FOUND,,,https://www.google.com/maps/search/?api=1&query=TAVACI+Cafe+%26+Restaurant+%C3%9Csk%C3%BCdar+Istanbul,4.8,142,NO_WEBSITE,,9.2,HIGH,Bağımsız resmî website bulunmadı.,,,Bağımsız resmî website bulunmadı.,Yeni site + menü + Cumhuriyet/Üsküdar local SEO.,Telefon/Instagram üzerinden ilk temas; yüksek puan + no-site.,Prior final research; official website and/or current public business records where noted,2026-09-07,NOT_CONTACTED,,DRY_RUN_ONLY,FINAL_RESEARCH_SAFE
75,Sorelle Pizza e Lasagne,ANADOLU,Üsküdar,Beylerbeyi,"Beylerbeyi Mah., Eski Çınar Sk. No:14/B, 34676 Üsküdar/İstanbul",+90 546 689 43 99,,,NOT_FOUND,,@sorelle.pizza,https://www.google.com/maps/search/?api=1&query=Sorelle+Pizza+e+Lasagne+%C3%9Csk%C3%BCdar+Istanbul,4.9,477,NO_WEBSITE,,9.5,HIGH,Bağımsız website bulunmadı.,Adres kaynakları arasında sokak/kapı numarası çelişkisi var.,,Bağımsız website bulunmadı.,Markalı site + pizza/lasagne SEO + menü + rezervasyon/WhatsApp.,4.9 puan + no-site güçlü satış açısı.,Prior final research; official website and/or current public business records where noted,2026-09-07,NOT_CONTACTED,Structured/Yemeksepeti support Eski Çınar Sk. No:14/B; Yandex conflict: Abdullahağa Hamamı Sk. No:2.,DRY_RUN_ONLY,FINAL_RESEARCH_SAFE
76,KAEL Burger,ANADOLU,Üsküdar,Çengelköy,"Çengelköy Mah., Çengeloğlu Sk. No:24A, Üsküdar/İstanbul",+90 532 280 20 41,,,NOT_FOUND,https://kaelburger.com,@kaelistanbul,https://www.google.com/maps/search/?api=1&query=KAEL+Burger+%C3%9Csk%C3%BCdar+Istanbul,4.9,430,WEAK,3.8,8.8,HIGH,Site son derece minimal; SEO ve içerik kapsamı çok dar.,,,Site son derece minimal; SEO ve içerik kapsamı çok dar.,Burger SEO + menü içerikleri + Çengelköy landing pages + dönüşüm.,Mevcut siteyi koruyup SEO/UX kapsamını ciddi büyüt.,Prior final research; official website and/or current public business records where noted,2026-09-07,NOT_CONTACTED,Official site/current business use 24A; Yandex showed No:26.,DRY_RUN_ONLY,FINAL_RESEARCH_SAFE
77,İsmet Baba Restaurant,ANADOLU,Üsküdar,Kuzguncuk,"Kuzguncuk Mah., Kuzguncuk Çarşı Cd. No:1, 34674 Üsküdar/İstanbul",+90 216 341 33 75,,,THIRD_PARTY_VERIFIED,https://ismetbaba.com.tr,,https://www.google.com/maps/search/?api=1&query=%C4%B0smet+Baba+Restaurant+%C3%9Csk%C3%BCdar+Istanbul,4.1,2800,VERY_WEAK,2.9,9.0,HIGH,Domain mevcut ancak güncel resmî site içeriği güçlü biçimde doğrulanamadı.,,,Domain mevcut ancak güncel resmî site içeriği güçlü biçimde doğrulanamadı.,Kuzguncuk marka hikâyesi + balık SEO + menü/rezervasyon.,Telefonla outreach; email önce yeniden doğrulansın.,Prior final research; official website and/or current public business records where noted,2026-09-07,NOT_CONTACTED,Third-party email ismetbaba@ttnet.net.tr; do not auto-email. Older phone: +90 216 553 12 32.,DRY_RUN_ONLY,FINAL_RESEARCH_SAFE
78,Okyanus Balık Restaurant,ANADOLU,Üsküdar,Mimar Sinan,"Mimar Sinan Mah., Atlamataşı Atlas Sk. No:26/1-2, Üsküdar/İstanbul",+90 216 495 74 73,,info@okyanususkudar.com,OFFICIAL_VERIFIED,https://okyanususkudar.com,,https://www.google.com/maps/search/?api=1&query=Okyanus+Bal%C4%B1k+Restaurant+%C3%9Csk%C3%BCdar+Istanbul,3.4,1337,WEAK,4.0,8.8,HIGH,Site metinlerinde yazım/profesyonellik sorunları var.,,,Site metinlerinde yazım/profesyonellik sorunları var.,İçerik temizliği + balık SEO + menü + rezervasyon.,Mevcut siteyi marka güveni ve local SEO açısından yenile.,Prior final research; official website and/or current public business records where noted,2026-09-07,NOT_CONTACTED,Official mobile/restaurant: +90 542 402 83 53. Tripadvisor phone +90 536 840 94 46 not primary.,DRY_RUN_ONLY,FINAL_RESEARCH_SAFE
79,Kargümüş Park Lokantası,ANADOLU,Üsküdar,Kirazlıtepe,"Kirazlıtepe Mah., Orhan Seyfi Orhon Cd. No:40, 34682 Üsküdar/İstanbul",+90 216 318 70 80,,info@kargumusrestoran.com,OFFICIAL_VERIFIED,https://kargumusrestoran.com,,https://www.google.com/maps/search/?api=1&query=Karg%C3%BCm%C3%BC%C5%9F+Park+Lokantas%C4%B1+%C3%9Csk%C3%BCdar+Istanbul,4.3,568,WEAK,3.8,8.9,HIGH,Site temel/eski ve yazım hataları içeriyor.,İletişim formu/metinlerinde profesyonellik sorunları var.,,Site temel/eski ve yazım hataları içeriyor.,Modernizasyon + Kirazlıtepe local SEO + menü + rezervasyon.,Somut typo ve eski görünümü hızlı iyileştirme paketiyle göster.,Prior final research; official website and/or current public business records where noted,2026-09-07,NOT_CONTACTED,Conflicting third-party phone +90 216 422 93 48; official/current primary used.,DRY_RUN_ONLY,FINAL_RESEARCH_SAFE
80,Lokanta İMREN,ANADOLU,Üsküdar,Valide-i Atik,"Valide-i Atik Mah., Miroğlu Sk. No:10/A, 34664 Üsküdar/İstanbul",+90 216 341 19 79,,,NOT_FOUND,,,https://www.google.com/maps/search/?api=1&query=Lokanta+%C4%B0MREN+%C3%9Csk%C3%BCdar+Istanbul,4.6,986,NO_WEBSITE,,9.5,HIGH,Bağımsız website bulunmadı.,,,Bağımsız website bulunmadı.,Yeni site + günlük menü + Valide-i Atik local SEO + telefon CTA.,Güçlü ilk temas: yaklaşık 1K yorum + no-site.,Prior final research; official website and/or current public business records where noted,2026-09-07,NOT_CONTACTED,Unclaimed Tripadvisor address differs; current structured/Yandex use 10/A.,DRY_RUN_ONLY,FINAL_RESEARCH_SAFE
81,Speedy's Pizza Cafe Restoran,ANADOLU,Üsküdar,Sultantepe,"Sultantepe Mah., Selmani Pak Cd. No:13/A, 34674 Üsküdar/İstanbul",+90 216 693 33 33,,info@speedspizza.com,OFFICIAL_VERIFIED,https://speedyspizza.com.tr,,https://www.google.com/maps/search/?api=1&query=Speedy%27s+Pizza+Cafe+Restoran+%C3%9Csk%C3%BCdar+Istanbul,4.0,504,WEAK,4.4,8.5,HIGH,Site üzerinde hazır tema/chef bölümü kalıntıları var.,Saat ve içerik bilgileri dış kaynaklarla uyumsuz.,,Site üzerinde hazır tema/chef bölümü kalıntıları var.,Tema temizliği + pizza SEO + menü + sipariş/WhatsApp dönüşümü.,Canlı theme-remnant problemini somut örnekle göster.,Prior final research; official website and/or current public business records where noted,2026-09-07,NOT_CONTACTED,Email domain differs from website spelling; do not 'correct' it.,DRY_RUN_ONLY,FINAL_RESEARCH_SAFE
82,Meşreb Çamlıca Kafe,ANADOLU,Üsküdar,Kısıklı,"Kısıklı Mah., Ferah Cd. No:8, 34692 Üsküdar/İstanbul",+90 537 319 56 11,,bilgi@mesrebkafe.com.tr,OFFICIAL_VERIFIED,https://mesrebkafe.com.tr,,https://www.google.com/maps/search/?api=1&query=Me%C5%9Freb+%C3%87aml%C4%B1ca+Kafe+%C3%9Csk%C3%BCdar+Istanbul,4.3,298,VERY_WEAK,3.0,2.0,QUALIFIED_OUT,Site çok eski ve fiyat/içerik güncelliği zayıf.,,,Site çok eski ve fiyat/içerik güncelliği zayıf.,Ancak işletme kaydı kapalı göründüğü için outreach yapılmamalı.,HOLD / DO NOT CONTACT.,Prior final research; official website and/or current public business records where noted,2026-09-07,NOT_CONTACTED,Structured business status: Permanently Closed. Official-site phones +90 216 310 29 19 / +90 552 320 52 19. DO_NOT_CONTACT.,DRY_RUN_ONLY,FINAL_RESEARCH_SAFE
83,Hakiki Kebap,ANADOLU,Üsküdar,İcadiye / Bağlarbaşı,"Cumhuriyet Cd. No:165/A, 34674 Üsküdar/İstanbul",+90 216 495 87 87,,info@hakikikebap.com,OFFICIAL_VERIFIED,https://hakikikebap.com,,https://www.google.com/maps/search/?api=1&query=Hakiki+Kebap+%C3%9Csk%C3%BCdar+Istanbul,4.1,1151,IMPROVABLE,5.8,7.6,MEDIUM,Site kullanılabilir fakat içerik/SEO derinliği geliştirilebilir.,Üçüncü taraf adres numarası çelişkileri var.,,Site kullanılabilir fakat içerik/SEO derinliği geliştirilebilir.,NAP standardizasyonu + kebap local SEO + menu/FAQ geliştirme.,SEO + conversion paketi; tam rebuild şart değil.,Prior final research; official website and/or current public business records where noted,2026-09-07,NOT_CONTACTED,Secondary phone: +90 216 553 57 45. Use official/structured address 165/A.,DRY_RUN_ONLY,FINAL_RESEARCH_SAFE
84,Mutfak Ev Yemekleri,ANADOLU,Üsküdar,Bulgurlu / Libadiye,"Bulgurlu, Uzundere Sk. No:39, Libadiye Cd., 34696 Üsküdar/İstanbul",+90 216 650 73 50,,,NOT_FOUND,,mutfak.ev,https://www.google.com/maps/search/?api=1&query=Mutfak+Ev+Yemekleri+%C3%9Csk%C3%BCdar+Istanbul,4.8,67,NO_WEBSITE,,9.2,HIGH,Bağımsız website yok; bazı dizinler Instagram'ı website olarak gösteriyor.,,,Bağımsız website yok; bazı dizinler Instagram'ı website olarak gösteriyor.,Yeni site + günlük menü + Bulgurlu/Libadiye local SEO.,Instagram-only görünümü markalı domaine taşı.,Prior final research; official website and/or current public business records where noted,2026-09-07,NOT_CONTACTED,,DRY_RUN_ONLY,FINAL_RESEARCH_SAFE
85,Doyum Ev Yemekleri,ANADOLU,Üsküdar,Beylerbeyi,"Beylerbeyi Mah., Arabacılar Sokak & Yalıboyu Caddesi 8/17, 34676 Üsküdar/İstanbul",+90 546 268 31 93,,,NOT_FOUND,,,https://www.google.com/maps/search/?api=1&query=Doyum+Ev+Yemekleri+%C3%9Csk%C3%BCdar+Istanbul,4.6,113,NO_WEBSITE,,9.4,HIGH,Bağımsız website yok.,"Adres kaynakları arasında 8/17, 8/B ve eski No:6 çelişkisi var.",,Bağımsız website yok.,Yeni site + Beylerbeyi ev yemekleri SEO + NAP temizliği + WhatsApp.,No-site + yüksek puan; adres temizliğini de pakete ekle.,Prior final research; official website and/or current public business records where noted,2026-09-07,NOT_CONTACTED,Secondary/older phone: +90 216 321 01 52.,DRY_RUN_ONLY,FINAL_RESEARCH_SAFE
86,Altı Üstü Köfte,ANADOLU,Üsküdar,Mimar Sinan,"Mimar Sinan Mah., Uncular Cd. No:10, 34672 Üsküdar/İstanbul",+90 532 365 14 46,,info@altiustukofte.com,OFFICIAL_VERIFIED,https://altiustukofte.com,,https://www.google.com/maps/search/?api=1&query=Alt%C4%B1+%C3%9Cst%C3%BC+K%C3%B6fte+%C3%9Csk%C3%BCdar+Istanbul,4.5,3272,GOOD,7.8,4.2,QUALIFIED_OUT,Site güçlü ve güncel; ilk redesign hedefi değil.,,,Site güçlü ve güncel; ilk redesign hedefi değil.,İleri seviye SEO/ads ancak ikincil fırsat.,İlk outreach dışında tut.,Prior final research; official website and/or current public business records where noted,2026-09-07,NOT_CONTACTED,Conflicting third-party phones exist; official site + current business agree on primary.,DRY_RUN_ONLY,FINAL_RESEARCH_SAFE
87,Saklı Kubbe Restaurant,ANADOLU,Üsküdar,Aziz Mahmut Hüdayi,"Aziz Mahmut Hüdayi Mah., Uncular Cd. No:21 D:3B, 34672 Üsküdar/İstanbul",+90 541 246 56 44,,,NOT_FOUND,https://saklikubbe.com,@saklikubbe,https://www.google.com/maps/search/?api=1&query=Sakl%C4%B1+Kubbe+Restaurant+%C3%9Csk%C3%BCdar+Istanbul,4.3,1544,VERY_WEAK,2.8,9.3,HIGH,Ana sayfada placeholder/wrong telefon 0216 123 45 67 yayınlanmış.,QodeInteractive demo email ve yabancı tema içerikleri canlıda.,,Ana sayfada placeholder/wrong telefon 0216 123 45 67 yayınlanmış.,Acil teknik/içerik temizliği + premium redesign + Üsküdar local SEO.,Çok güçlü somut hata lead'i; yanlış telefon ve demo emaili göster.,Prior final research; official website and/or current public business records where noted,2026-09-07,NOT_CONTACTED,Menu page/current business phone +90 541 246 56 44. Do not use demo email.,DRY_RUN_ONLY,FINAL_RESEARCH_SAFE
88,Paçi Lounge,ANADOLU,Üsküdar,Mimar Sinan / Harem,"Mimar Sinan Mah., Üsküdar Harem Sahil Yolu No:10, 34668 Üsküdar/İstanbul",+90 216 334 97 50,,info@pacilounge.com,OFFICIAL_VERIFIED,https://pacilounge.com,,https://www.google.com/maps/search/?api=1&query=Pa%C3%A7i+Lounge+%C3%9Csk%C3%BCdar+Istanbul,4.0,4724,IMPROVABLE,6.1,6.9,MEDIUM,Site temel kurumsal yapıda; fırsat daha çok local SEO/landing-page tarafında.,,,Site temel kurumsal yapıda; fırsat daha çok local SEO/landing-page tarafında.,Local SEO + event/menu landing pages + conversion.,"Tam rebuild değil, görünürlük ve dönüşüm odaklı paket.",Prior final research; official website and/or current public business records where noted,2026-09-07,NOT_CONTACTED,Rating/review values had source variation; these are prior final values.,DRY_RUN_ONLY,FINAL_RESEARCH_SAFE
89,Bridge Nakkaştepe,ANADOLU,Üsküdar,Kuzguncuk / Nakkaştepe,"Kuzguncuk Mah., Nakkaştepe Yolu No:56, 34632 Üsküdar/İstanbul",+90 216 391 95 85,,,HISTORICAL,https://bridgenakkastepe.com,,https://www.google.com/maps/search/?api=1&query=Bridge+Nakka%C5%9Ftepe+%C3%9Csk%C3%BCdar+Istanbul,4.3,2340,WEAK,3.7,8.8,HIGH,Current site/domain doğrulaması ile historical domain/e-posta kayıtları arasında kopukluk var.,,,Current site/domain doğrulaması ile historical domain/e-posta kayıtları arasında kopukluk var.,Domain/NAP standardizasyonu + Nakkaştepe local SEO + event conversion.,Telefonla outreach; historical emaili kullanma.,Prior final research; official website and/or current public business records where noted,2026-09-07,NOT_CONTACTED,Historical email info@bridgerestaurant.com.tr; old domain bridgerestaurant.com.tr. Older municipal guide had No:62; current use No:56.,DRY_RUN_ONLY,FINAL_RESEARCH_SAFE
90,İnciraltı Meyhanesi,ANADOLU,Üsküdar,Beylerbeyi,"Beylerbeyi Mah., Arabacılar Sok. No:4, 34676 Üsküdar/İstanbul",+90 216 557 66 86,,iletisim@inciralti.com.tr,OFFICIAL_VERIFIED,https://inciralti.com.tr,@inciraltimeyhanesi,https://www.google.com/maps/search/?api=1&query=%C4%B0nciralt%C4%B1+Meyhanesi+%C3%9Csk%C3%BCdar+Istanbul,4.3,1342,WEAK,4.6,8.1,HIGH,Site eski/minimal ve footer ©2020.,Adres gösterimi kaynaklar arasında farklı formatlanıyor.,,Site eski/minimal ve footer ©2020.,Modernizasyon + meyhane SEO + menü + NAP standardizasyonu.,Eski site görünümü + local SEO temizliğini birlikte sat.,Prior final research; official website and/or current public business records where noted,2026-09-07,NOT_CONTACTED,Mobile: +90 530 265 25 05. Structured listing may show Beylerbeyi İskele Cd. No:4.,DRY_RUN_ONLY,FINAL_RESEARCH_SAFE
91,Tarihi Kısıklı Fasulyecisi,ANADOLU,Üsküdar,Kısıklı,"Kısıklı Mah., Kısıklı Cd. No:136, Üsküdar/İstanbul",+90 530 084 95 61,,,THIRD_PARTY_VERIFIED,https://kisiklifasulyecisi.com,@tarihikisiklifasulyecisi,https://www.google.com/maps/search/?api=1&query=Tarihi+K%C4%B1s%C4%B1kl%C4%B1+Fasulyecisi+%C3%9Csk%C3%BCdar+Istanbul,4.2,1700,WEAK,3.9,8.9,HIGH,Telefon/saat bilgileri kaynaklar arasında tutarsız.,,,Telefon/saat bilgileri kaynaklar arasında tutarsız.,NAP cleanup + Kısıklı local SEO + menü + conversion.,Telefonla outreach; email yeniden doğrulanmadan kullanma.,Prior final research; official website and/or current public business records where noted,2026-09-07,NOT_CONTACTED,"Third-party email tarihikurufasulyecisi@outlook.com. Alternative phones: +90 216 599 04 61, +90 216 325 56 85.",DRY_RUN_ONLY,FINAL_RESEARCH_SAFE
92,Mengen Lokantası,ANADOLU,Üsküdar,Mimar Sinan,"Mimar Sinan Mah., Abdülkerim Paşa Sk. No:3/A, 34672 Üsküdar/İstanbul",+90 216 334 60 01,,,NOT_FOUND,,,https://www.google.com/maps/search/?api=1&query=Mengen+Lokantas%C4%B1+%C3%9Csk%C3%BCdar+Istanbul,4.2,1150,NO_WEBSITE,,9.5,HIGH,Bağımsız website bulunmadı.,Eski directory adresi Molla Eşref Sk. No:15 olarak farklı.,,Bağımsız website bulunmadı.,Yeni site + menü + Üsküdar local SEO + NAP temizliği.,1K+ yorum + no-site çok güçlü lead.,Prior final research; official website and/or current public business records where noted,2026-09-07,NOT_CONTACTED,,DRY_RUN_ONLY,FINAL_RESEARCH_SAFE
93,Beylerbeyi Doğa Balık & Kahvaltı,ANADOLU,Üsküdar,Beylerbeyi,"Beylerbeyi Mah., Yalıboyu Cd. No:36, Üsküdar/İstanbul",+90 532 204 22 32,,info@beylerbeyidoga.com,OFFICIAL_VERIFIED,https://beylerbeyidoga.com,@beylerbeyidoga,https://www.google.com/maps/search/?api=1&query=Beylerbeyi+Do%C4%9Fa+Bal%C4%B1k+%26+Kahvalt%C4%B1+%C3%9Csk%C3%BCdar+Istanbul,4.1,421,IMPROVABLE,6.4,6.7,MEDIUM,Site güncel ama içerik/UX ve marka mimarisi geliştirilebilir.,,,Site güncel ama içerik/UX ve marka mimarisi geliştirilebilir.,Balık + kahvaltı SEO + event landing pages + conversion.,"Tam rebuild değil, içerik ve dönüşüm paketi.",Prior final research; official website and/or current public business records where noted,2026-09-07,NOT_CONTACTED,Secondary landline: +90 216 422 28 51.,DRY_RUN_ONLY,FINAL_RESEARCH_SAFE
94,Üsküdar Sokak Dönercisi,ANADOLU,Üsküdar,Mimar Sinan,"Mimar Sinan Mah., Molla Eşref Sk. No:15E, Üsküdar/İstanbul",+90 542 249 43 53,,,NOT_FOUND,,,https://www.google.com/maps/search/?api=1&query=%C3%9Csk%C3%BCdar+Sokak+D%C3%B6nercisi+%C3%9Csk%C3%BCdar+Istanbul,4.7,413,NO_WEBSITE,,9.5,HIGH,Bağımsız website bulunmadı.,,,Bağımsız website bulunmadı.,Yeni site + döner SEO + dijital menü + WhatsApp/telefon dönüşümü.,4.7 puan + no-site güçlü ilk temas.,Prior final research; official website and/or current public business records where noted,2026-09-07,NOT_CONTACTED,Structured address may show No:15; Yandex/Yemeksepeti support 15E. KEP address is not normal outreach email.,DRY_RUN_ONLY,FINAL_RESEARCH_SAFE
95,Bay Mantı & Cafe,ANADOLU,Üsküdar,Kuzguncuk,"İcadiye Cd. No:68/A, Kuzguncuk, 34674 Üsküdar/İstanbul",+90 555 543 91 80,,bilgi@baymanti.com,OFFICIAL_VERIFIED,https://baymanti.com,,https://www.google.com/maps/search/?api=1&query=Bay+Mant%C4%B1+%26+Cafe+%C3%9Csk%C3%BCdar+Istanbul,4.6,505,IMPROVABLE,6.0,7.4,MEDIUM,Site ve işletme kaydı telefon/saat bilgilerinde farklılık gösteriyor.,,,Site ve işletme kaydı telefon/saat bilgilerinde farklılık gösteriyor.,NAP/saat temizliği + Kuzguncuk local SEO + menü conversion.,Mevcut iyi temeli koruyup local SEO ve dönüşümü düzelt.,Prior final research; official website and/or current public business records where noted,2026-09-07,NOT_CONTACTED,Official website phone: +90 216 310 15 36; current structured phone used as primary.,DRY_RUN_ONLY,FINAL_RESEARCH_SAFE
96,Kuzguncuk Kavurmacısı,ANADOLU,Üsküdar,Kuzguncuk,"Kuzguncuk Mah., İcadiye Cd., Tufan Sk. No:3, 34674 Üsküdar/İstanbul",+90 532 381 74 22,,,NOT_FOUND,,@kuzguncuk.kavurmacisi,https://www.google.com/maps/search/?api=1&query=Kuzguncuk+Kavurmac%C4%B1s%C4%B1+%C3%9Csk%C3%BCdar+Istanbul,4.9,882,NO_WEBSITE,,9.6,HIGH,Bağımsız kurumsal website yok; Linktree/Canva/Instagram ağırlıklı.,Eski adres kaydı İcadiye Cd. No:64/B ile çelişiyor.,,Bağımsız kurumsal website yok; Linktree/Canva/Instagram ağırlıklı.,Markalı domain + menü + Kuzguncuk kavurma SEO + WhatsApp conversion.,En güçlü no-site leadlerden: 4.9/882 + sosyal araçlara bağımlı.,Prior final research; official website and/or current public business records where noted,2026-09-07,NOT_CONTACTED,,DRY_RUN_ONLY,FINAL_RESEARCH_SAFE
97,Lalloli Café,ANADOLU,Üsküdar,Kuzguncuk,"Kuzguncuk Mah., Paşalimanı Cd. No:80/1/1, 34674 Üsküdar/İstanbul",+90 536 835 92 68,,,NOT_FOUND,https://lalloli.com,,https://www.google.com/maps/search/?api=1&query=Lalloli+Caf%C3%A9+%C3%9Csk%C3%BCdar+Istanbul,4.8,782,VERY_WEAK,2.4,9.0,HIGH,Listelenen domain mevcut fakat doğrudan erişim/doğrulama sorunu yaşandı.,Telefon ve adres formatı kaynaklar arasında farklı.,,Listelenen domain mevcut fakat doğrudan erişim/doğrulama sorunu yaşandı.,Site erişim/teknik düzeltme + Kuzguncuk cafe SEO + conversion.,Önce domain erişimini teyit et; teknik problem güçlü satış açısı.,Prior final research; official website and/or current public business records where noted,2026-09-07,NOT_CONTACTED,Alternative phone: +90 542 176 28 88. Yandex address formatting conflict.,DRY_RUN_ONLY,FINAL_RESEARCH_SAFE
98,Bağevi Kebapçısı,ANADOLU,Üsküdar,Mimar Sinan,"Mimar Sinan Mah., Molla Eşref Sk. No:5/5A, 34672 Üsküdar/İstanbul",+90 533 815 45 27,,,NOT_FOUND,https://bagevikebapcisi.com,@bagevikebapcisi,https://www.google.com/maps/search/?api=1&query=Ba%C4%9Fevi+Kebap%C3%A7%C4%B1s%C4%B1+%C3%9Csk%C3%BCdar+Istanbul,4.8,695,VERY_WEAK,2.7,9.2,HIGH,Domain işletmeyle ilişkili ancak araştırma sırasında 502 Bad Gateway verdi.,,,Domain işletmeyle ilişkili ancak araştırma sırasında 502 Bad Gateway verdi.,Acil site erişim/hosting düzeltmesi + kebap SEO + menü.,Canlı teknik erişim problemi çok somut satış açısı.,Prior final research; official website and/or current public business records where noted,2026-09-07,NOT_CONTACTED,Structured address No:5; Yandex/Tripadvisor 5A. Do not guess info@ address.,DRY_RUN_ONLY,FINAL_RESEARCH_SAFE
99,Seyir Üsküdar Kafe,ANADOLU,Üsküdar,Mimar Sinan,"Mimar Sinan Mah., Selmanağa Çeşmesi Sok. No:4 D:2, 34672 Üsküdar/İstanbul",+90 532 179 83 36,,,NOT_FOUND,,@seyir.uskudar,https://www.google.com/maps/search/?api=1&query=Seyir+%C3%9Csk%C3%BCdar+Kafe+%C3%9Csk%C3%BCdar+Istanbul,4.9,216,NO_WEBSITE,,9.4,HIGH,Yeni/aktif işletme olmasına rağmen bağımsız website yok.,,,Yeni/aktif işletme olmasına rağmen bağımsız website yok.,Yeni site + kahvaltı/cafe local SEO + menü + rezervasyon.,Yeni marka + 4.9 puan + no-site güçlü erken dönem fırsat.,Prior final research; official website and/or current public business records where noted,2026-09-07,NOT_CONTACTED,Prior research indicated opening in early 2026.,DRY_RUN_ONLY,FINAL_RESEARCH_SAFE
100,Çeşnihan Restaurant,ANADOLU,Üsküdar,Çengelköy,"Çengelköy Mah., Prof. Dr. Beynun Akyavaş Cd. No:33/B, 34680 Üsküdar/İstanbul",+90 532 514 58 29,,,NOT_FOUND,,,https://www.google.com/maps/search/?api=1&query=%C3%87e%C5%9Fnihan+Restaurant+%C3%9Csk%C3%BCdar+Istanbul,4.9,157,NO_WEBSITE,,9.3,HIGH,Bağımsız resmî website/email doğrulanmadı.,Adres numarası Yandex bina kaydında 33/1 olarak farklı.,,Bağımsız resmî website/email doğrulanmadı.,Yeni site + domain + kurumsal email + HTML menü + Çengelköy local SEO + WhatsApp.,Yeni markalı altyapı için güçlü no-site adayı.,Prior final research; official website and/or current public business records where noted,2026-09-07,NOT_CONTACTED,Use 33/B as final admin address; keep 33/1 conflict note.,DRY_RUN_ONLY,FINAL_RESEARCH_SAFE
